<?xml version="1.0" encoding="UTF-8"?>
<GenRun Id="axi_bram_ctrl_0_synth_1" LaunchPart="xc7vx485tffg1157-1" LaunchTime="1717094902">
  <File Type="VDS-TIMINGSUMMARY" Name="axi_bram_ctrl_0_timing_summary_synth.rpt"/>
  <File Type="RDS-DCP" Name="axi_bram_ctrl_0.dcp"/>
  <File Type="RDS-UTIL-PB" Name="axi_bram_ctrl_0_utilization_synth.pb"/>
  <File Type="RDS-UTIL" Name="axi_bram_ctrl_0_utilization_synth.rpt"/>
  <File Type="VDS-TIMING-PB" Name="axi_bram_ctrl_0_timing_summary_synth.pb"/>
  <File Type="PA-TCL" Name="axi_bram_ctrl_0.tcl"/>
  <File Type="REPORTS-TCL" Name="axi_bram_ctrl_0_reports.tcl"/>
  <File Type="RDS-RDS" Name="axi_bram_ctrl_0.vds"/>
  <File Type="RDS-PROPCONSTRS" Name="axi_bram_ctrl_0_drc_synth.rpt"/>
  <FileSet Name="sources" Type="BlockSrcs" RelSrcDir="$PSRCDIR/axi_bram_ctrl_0">
    <File Path="$PSRCDIR/sources_1/ip/axi_bram_ctrl_0/axi_bram_ctrl_0.xci">
      <FileInfo>
        <Attr Name="UsedIn" Val="synthesis"/>
        <Attr Name="UsedIn" Val="implementation"/>
        <Attr Name="UsedIn" Val="simulation"/>
      </FileInfo>
    </File>
    <Config>
      <Option Name="TopModule" Val="axi_bram_ctrl_0"/>
      <Option Name="UseBlackboxStub" Val="1"/>
    </Config>
  </FileSet>
  <FileSet Name="constrs_in" Type="BlockSrcs" RelSrcDir="$PSRCDIR/axi_bram_ctrl_0">
    <File Path="$PSRCDIR/sources_1/ip/axi_bram_ctrl_0/axi_bram_ctrl_0.xci">
      <FileInfo>
        <Attr Name="UsedIn" Val="synthesis"/>
        <Attr Name="UsedIn" Val="implementation"/>
        <Attr Name="UsedIn" Val="simulation"/>
      </FileInfo>
    </File>
    <Config>
      <Option Name="TopModule" Val="axi_bram_ctrl_0"/>
      <Option Name="UseBlackboxStub" Val="1"/>
    </Config>
  </FileSet>
  <FileSet Name="utils" Type="Utils" RelSrcDir="$PSRCDIR/utils_1">
    <Filter Type="Utils"/>
    <Config>
      <Option Name="TopAutoSet" Val="TRUE"/>
    </Config>
  </FileSet>
  <Strategy Version="1" Minor="2">
    <StratHandle Name="Vivado Synthesis Defaults" Flow="Vivado Synthesis 2022">
      <Desc>Vivado Synthesis Defaults</Desc>
    </StratHandle>
    <Step Id="synth_design"/>
  </Strategy>
</GenRun>
