<?xml version="1.0" encoding="UTF-8"?>
<GenRun Id="harnessSysPLL_synth_1" LaunchPart="xc7vx485tffg1157-1" LaunchTime="1717096749">
  <File Type="VDS-TIMINGSUMMARY" Name="harnessSysPLL_timing_summary_synth.rpt"/>
  <File Type="RDS-DCP" Name="harnessSysPLL.dcp"/>
  <File Type="RDS-UTIL-PB" Name="harnessSysPLL_utilization_synth.pb"/>
  <File Type="RDS-UTIL" Name="harnessSysPLL_utilization_synth.rpt"/>
  <File Type="VDS-TIMING-PB" Name="harnessSysPLL_timing_summary_synth.pb"/>
  <File Type="PA-TCL" Name="harnessSysPLL.tcl"/>
  <File Type="REPORTS-TCL" Name="harnessSysPLL_reports.tcl"/>
  <File Type="RDS-RDS" Name="harnessSysPLL.vds"/>
  <File Type="RDS-PROPCONSTRS" Name="harnessSysPLL_drc_synth.rpt"/>
  <FileSet Name="sources" Type="BlockSrcs" RelSrcDir="$PSRCDIR/harnessSysPLL">
    <File Path="$PSRCDIR/sources_1/ip/harnessSysPLL/harnessSysPLL.xci">
      <FileInfo>
        <Attr Name="UsedIn" Val="synthesis"/>
        <Attr Name="UsedIn" Val="implementation"/>
        <Attr Name="UsedIn" Val="simulation"/>
      </FileInfo>
    </File>
    <Config>
      <Option Name="TopModule" Val="harnessSysPLL"/>
      <Option Name="UseBlackboxStub" Val="1"/>
    </Config>
  </FileSet>
  <FileSet Name="constrs_in" Type="BlockSrcs" RelSrcDir="$PSRCDIR/harnessSysPLL">
    <File Path="$PSRCDIR/sources_1/ip/harnessSysPLL/harnessSysPLL.xci">
      <FileInfo>
        <Attr Name="UsedIn" Val="synthesis"/>
        <Attr Name="UsedIn" Val="implementation"/>
        <Attr Name="UsedIn" Val="simulation"/>
      </FileInfo>
    </File>
    <Config>
      <Option Name="TopModule" Val="harnessSysPLL"/>
      <Option Name="UseBlackboxStub" Val="1"/>
    </Config>
  </FileSet>
  <FileSet Name="utils" Type="Utils" RelSrcDir="$PSRCDIR/utils_1">
    <Filter Type="Utils"/>
    <Config>
      <Option Name="TopAutoSet" Val="TRUE"/>
    </Config>
  </FileSet>
  <Strategy Version="1" Minor="2">
    <StratHandle Name="Vivado Synthesis Defaults" Flow="Vivado Synthesis 2022">
      <Desc>Vivado Synthesis Defaults</Desc>
    </StratHandle>
    <Step Id="synth_design"/>
  </Strategy>
</GenRun>
